Workbook

Sheet Sheet1
A4: INVOICE BILLING
A5: ORDER NO. | C5: CATEGORY | F5: RATE | H5: QUANTITY | J5: TOTAL
A6: 1 | C6: T-SHIRT | F6: =IFERROR(VLOOKUP(C6,Sheet2!$B$1:$C$9,2,0),"") -> 299 | H6: 8 | J6: =IFERROR(SUM(F6+H6),"") -> 307
F7: =IFERROR(VLOOKUP(C7,Sheet2!$B$1:$C$9,2,0),"") | J7: =IFERROR(SUM(F7+H7),"")
F8: =IFERROR(VLOOKUP(C8,Sheet2!$B$1:$C$9,2,0),"") | J8: =IFERROR(SUM(F8+H8),"")
F9: =IFERROR(VLOOKUP(C9,Sheet2!$B$1:$C$9,2,0),"") | J9: =IFERROR(SUM(F9+H9),"")
F10: =IFERROR(VLOOKUP(C10,Sheet2!$B$1:$C$9,2,0),"") | J10: =IFERROR(SUM(F10+H10),"")
F11: =IFERROR(VLOOKUP(C11,Sheet2!$B$1:$C$9,2,0),"") | J11: =IFERROR(SUM(F11+H11),"")
F12: =IFERROR(VLOOKUP(C12,Sheet2!$B$1:$C$9,2,0),"") | J12: =IFERROR(SUM(F12+H12),"")
F13: =IFERROR(VLOOKUP(C13,Sheet2!$B$1:$C$9,2,0),"") | J13: =IFERROR(SUM(F13+H13),"")
F14: =IFERROR(VLOOKUP(C14,Sheet2!$B$1:$C$9,2,0),"") | J14: =IFERROR(SUM(F14+H14),"")
F15: =IFERROR(VLOOKUP(C15,Sheet2!$B$1:$C$9,2,0),"") | J15: =IFERROR(SUM(F15+H15),"")
F16: =IFERROR(VLOOKUP(C16,Sheet2!$B$1:$C$9,2,0),"") | J16: =IFERROR(SUM(F16+H16),"")
F17: =IFERROR(VLOOKUP(C17,Sheet2!$B$1:$C$9,2,0),"") | J17: =IFERROR(SUM(F17+H17),"")
F18: =IFERROR(VLOOKUP(C18,Sheet2!$B$1:$C$9,2,0),"") | J18: =IFERROR(SUM(F18+H18),"")
... F20: =IFERROR(VLOOKUP(C20,Sheet2!$B$1:$C$9,2,0),"") | J20: =IFERROR(SUM(F20+H20),"")
I21: Subtotal | J21: =SUM(J6:J20) -> 307
I22: S.tax 8% | J22: =J21*8% -> 24.56
D23: THANK YOU | I23: C.tax 8% | J23: =J21*8% -> 24.56
I24: Total | J24: =SUM(J21:J23) -> 356.12

Sheet Sheet2
A1: ORDER | B1: CATEGORY | C1: RATE
A2: 101 | B2: JEANS | C2: 1100
A3: 102 | B3: PANT | C3: 3000
A4: 103 | B4: UNDERWEAR | C4: 239
A5: 104 | B5: NAPKIN | C5: 112
A6: 105 | B6: T-SHIRT | C6: 299
A7: 106 | B7: SAREE | C7: 1000
A8: 107 | B8: NIGHTY | C8: 1700
A9: 108 | B9: SCHOOL DRESS | C9: 1200
